3014605490 ,1377070768518004737
3014605490 ,32634883
3014605490 ,1270647061080428544
3014605490 ,443137684
3014605490 ,769225232657879044
3014605490 ,921748392891637760
3014605490 ,1022863335304388609
3014605490 ,1070411958246141952
3014605490 ,810934447684128768
3014605490 ,860584528972087296
3014605490 ,1605039584
3014605490 ,284241195
3014605490 ,924042057576001538
3014605490 ,20327473
3014605490 ,3063535938
3014605490 ,829439578830430208
3014605490 ,22640143
3014605490 ,4866260037
3014605490 ,3092533883
3014605490 ,431983412
3014605490 ,821785831
3014605490 ,313269222
3014605490 ,987117390
3014605490 ,189639353
3014605490 ,242902253
3014605490 ,1257655808
3014605490 ,837151152445734913
3014605490 ,19089077
3014605490 ,714468573280751620
3014605490 ,292382289
3014605490 ,2230426843
3014605490 ,609264361
3014605490 ,148937934
3014605490 ,267449695
3014605490 ,311621453
3014605490 ,3950601554
3014605490 ,723416041406128130
3014605490 ,87403396
3014605490 ,131027653
3014605490 ,716299752418062336
3014605490 ,21577728
3014605490 ,437777907
3014605490 ,2987468815
3014605490 ,4765462797
3014605490 ,255672538
3014605490 ,956127380
3014605490 ,704340314446630912
3014605490 ,316392999
3014605490 ,3002595937
3014605490 ,4847105325
3014605490 ,2989752663
3014605490 ,2845372259
3014605490 ,239591418
3014605490 ,3280054515
3014605490 ,41919821
3014605490 ,4278446296
3014605490 ,301083222
3014605490 ,3219860503
3014605490 ,3152934532
3014605490 ,3687542772
3014605490 ,2468027756
3014605490 ,1638912996
3014605490 ,150374044
3014605490 ,2465493758
3014605490 ,109371389
3014605490 ,2984494085
3014605490 ,1377070768518004737
3014605490 ,32634883
3014605490 ,1270647061080428544
3014605490 ,443137684
3014605490 ,769225232657879044
3014605490 ,921748392891637760
3014605490 ,1022863335304388609
3014605490 ,1070411958246141952
3014605490 ,810934447684128768
3014605490 ,860584528972087296
3014605490 ,1605039584
3014605490 ,284241195
3014605490 ,924042057576001538
3014605490 ,20327473
3014605490 ,3063535938
3014605490 ,829439578830430208
3014605490 ,22640143
3014605490 ,4866260037
3014605490 ,3092533883
3014605490 ,431983412
3014605490 ,821785831
3014605490 ,313269222
3014605490 ,987117390
3014605490 ,189639353
3014605490 ,242902253
3014605490 ,1257655808
3014605490 ,837151152445734913
3014605490 ,19089077
3014605490 ,714468573280751620
3014605490 ,292382289
3014605490 ,2230426843
3014605490 ,609264361
3014605490 ,148937934
3014605490 ,267449695
3014605490 ,311621453
3014605490 ,3950601554
3014605490 ,723416041406128130
3014605490 ,87403396
3014605490 ,131027653
3014605490 ,716299752418062336
3014605490 ,21577728
3014605490 ,437777907
3014605490 ,2987468815
3014605490 ,4765462797
3014605490 ,255672538
3014605490 ,956127380
3014605490 ,704340314446630912
3014605490 ,316392999
3014605490 ,3002595937
3014605490 ,4847105325
3014605490 ,2989752663
3014605490 ,2845372259
3014605490 ,239591418
3014605490 ,3280054515
3014605490 ,41919821
3014605490 ,4278446296
3014605490 ,301083222
3014605490 ,3219860503
3014605490 ,3152934532
3014605490 ,3687542772
3014605490 ,2468027756
3014605490 ,1638912996
3014605490 ,150374044
3014605490 ,2465493758
3014605490 ,109371389
3014605490 ,2984494085
3014605490 ,1377070768518004737
3014605490 ,32634883
3014605490 ,1270647061080428544
3014605490 ,443137684
3014605490 ,769225232657879044
3014605490 ,921748392891637760
3014605490 ,1022863335304388609
3014605490 ,1070411958246141952
3014605490 ,810934447684128768
3014605490 ,860584528972087296
3014605490 ,1605039584
3014605490 ,284241195
3014605490 ,924042057576001538
3014605490 ,20327473
3014605490 ,3063535938
3014605490 ,829439578830430208
3014605490 ,22640143
3014605490 ,4866260037
3014605490 ,3092533883
3014605490 ,431983412
3014605490 ,821785831
3014605490 ,313269222
3014605490 ,987117390
3014605490 ,189639353
3014605490 ,242902253
3014605490 ,1257655808
3014605490 ,837151152445734913
3014605490 ,19089077
3014605490 ,714468573280751620
3014605490 ,292382289
3014605490 ,2230426843
3014605490 ,609264361
3014605490 ,148937934
3014605490 ,267449695
3014605490 ,311621453
3014605490 ,3950601554
3014605490 ,723416041406128130
3014605490 ,87403396
3014605490 ,131027653
3014605490 ,716299752418062336
3014605490 ,21577728
3014605490 ,437777907
3014605490 ,2987468815
3014605490 ,4765462797
3014605490 ,255672538
3014605490 ,956127380
3014605490 ,704340314446630912
3014605490 ,316392999
3014605490 ,3002595937
3014605490 ,4847105325
3014605490 ,2989752663
3014605490 ,2845372259
3014605490 ,239591418
3014605490 ,3280054515
3014605490 ,41919821
3014605490 ,4278446296
3014605490 ,301083222
3014605490 ,3219860503
3014605490 ,3152934532
3014605490 ,3687542772
3014605490 ,2468027756
3014605490 ,1638912996
3014605490 ,150374044
3014605490 ,2465493758
3014605490 ,109371389
3014605490 ,2984494085
3014605490 ,1377070768518004737
3014605490 ,32634883
3014605490 ,1270647061080428544
3014605490 ,443137684
3014605490 ,769225232657879044
3014605490 ,921748392891637760
3014605490 ,1022863335304388609
3014605490 ,1070411958246141952
3014605490 ,810934447684128768
3014605490 ,860584528972087296
3014605490 ,1605039584
3014605490 ,284241195
3014605490 ,924042057576001538
3014605490 ,20327473
3014605490 ,3063535938
3014605490 ,829439578830430208
3014605490 ,22640143
3014605490 ,4866260037
3014605490 ,3092533883
3014605490 ,431983412
3014605490 ,821785831
3014605490 ,313269222
3014605490 ,987117390
3014605490 ,189639353
3014605490 ,242902253
3014605490 ,1257655808
3014605490 ,837151152445734913
3014605490 ,19089077
3014605490 ,714468573280751620
3014605490 ,292382289
3014605490 ,2230426843
3014605490 ,609264361
3014605490 ,148937934
3014605490 ,267449695
3014605490 ,311621453
3014605490 ,3950601554
3014605490 ,723416041406128130
3014605490 ,87403396
3014605490 ,131027653
3014605490 ,716299752418062336
3014605490 ,21577728
3014605490 ,437777907
3014605490 ,2987468815
3014605490 ,4765462797
3014605490 ,255672538
3014605490 ,956127380
3014605490 ,704340314446630912
3014605490 ,316392999
3014605490 ,3002595937
3014605490 ,4847105325
3014605490 ,2989752663
3014605490 ,2845372259
3014605490 ,239591418
3014605490 ,3280054515
3014605490 ,41919821
3014605490 ,4278446296
3014605490 ,301083222
3014605490 ,3219860503
3014605490 ,3152934532
3014605490 ,3687542772
3014605490 ,2468027756
3014605490 ,1638912996
3014605490 ,150374044
3014605490 ,2465493758
3014605490 ,109371389
3014605490 ,2984494085
3014605490 ,1377070768518004737
3014605490 ,32634883
3014605490 ,1270647061080428544
3014605490 ,443137684
3014605490 ,769225232657879044
3014605490 ,921748392891637760
3014605490 ,1022863335304388609
3014605490 ,1070411958246141952
3014605490 ,810934447684128768
3014605490 ,860584528972087296
3014605490 ,1605039584
3014605490 ,284241195
3014605490 ,924042057576001538
3014605490 ,20327473
3014605490 ,3063535938
3014605490 ,829439578830430208
3014605490 ,22640143
3014605490 ,4866260037
3014605490 ,3092533883
3014605490 ,431983412
3014605490 ,821785831
3014605490 ,313269222
3014605490 ,987117390
3014605490 ,189639353
3014605490 ,242902253
3014605490 ,1257655808
3014605490 ,837151152445734913
3014605490 ,19089077
3014605490 ,714468573280751620
3014605490 ,292382289
3014605490 ,2230426843
3014605490 ,609264361
3014605490 ,148937934
3014605490 ,267449695
3014605490 ,311621453
3014605490 ,3950601554
3014605490 ,723416041406128130
3014605490 ,87403396
3014605490 ,131027653
3014605490 ,716299752418062336
3014605490 ,21577728
3014605490 ,437777907
3014605490 ,2987468815
3014605490 ,4765462797
3014605490 ,255672538
3014605490 ,956127380
3014605490 ,704340314446630912
3014605490 ,316392999
3014605490 ,3002595937
3014605490 ,4847105325
3014605490 ,2989752663
3014605490 ,2845372259
3014605490 ,239591418
3014605490 ,3280054515
3014605490 ,41919821
3014605490 ,4278446296
3014605490 ,301083222
3014605490 ,3219860503
3014605490 ,3152934532
3014605490 ,3687542772
3014605490 ,2468027756
3014605490 ,1638912996
3014605490 ,150374044
3014605490 ,2465493758
3014605490 ,109371389
3014605490 ,2984494085
3014605490 ,1377070768518004737
3014605490 ,32634883
3014605490 ,1270647061080428544
3014605490 ,443137684
3014605490 ,769225232657879044
3014605490 ,921748392891637760
3014605490 ,1022863335304388609
3014605490 ,1070411958246141952
3014605490 ,810934447684128768
3014605490 ,860584528972087296
3014605490 ,1605039584
3014605490 ,284241195
3014605490 ,924042057576001538
3014605490 ,20327473
3014605490 ,3063535938
3014605490 ,829439578830430208
3014605490 ,22640143
3014605490 ,4866260037
3014605490 ,3092533883
3014605490 ,431983412
3014605490 ,821785831
3014605490 ,313269222
3014605490 ,987117390
3014605490 ,189639353
3014605490 ,242902253
3014605490 ,1257655808
3014605490 ,837151152445734913
3014605490 ,19089077
3014605490 ,714468573280751620
3014605490 ,292382289
3014605490 ,2230426843
3014605490 ,609264361
3014605490 ,148937934
3014605490 ,267449695
3014605490 ,311621453
3014605490 ,3950601554
3014605490 ,723416041406128130
3014605490 ,87403396
3014605490 ,131027653
3014605490 ,716299752418062336
3014605490 ,21577728
3014605490 ,437777907
3014605490 ,2987468815
3014605490 ,4765462797
3014605490 ,255672538
3014605490 ,956127380
3014605490 ,704340314446630912
3014605490 ,316392999
3014605490 ,3002595937
3014605490 ,4847105325
3014605490 ,2989752663
3014605490 ,2845372259
3014605490 ,239591418
3014605490 ,3280054515
3014605490 ,41919821
3014605490 ,4278446296
3014605490 ,301083222
3014605490 ,3219860503
3014605490 ,3152934532
3014605490 ,3687542772
3014605490 ,2468027756
3014605490 ,1638912996
3014605490 ,150374044
3014605490 ,2465493758
3014605490 ,109371389
3014605490 ,2984494085
3014605490 ,1377070768518004737
3014605490 ,32634883
3014605490 ,1270647061080428544
3014605490 ,443137684
3014605490 ,769225232657879044
3014605490 ,921748392891637760
3014605490 ,1022863335304388609
3014605490 ,1070411958246141952
3014605490 ,810934447684128768
3014605490 ,860584528972087296
3014605490 ,1605039584
3014605490 ,284241195
3014605490 ,924042057576001538
3014605490 ,20327473
3014605490 ,3063535938
3014605490 ,829439578830430208
3014605490 ,22640143
3014605490 ,4866260037
3014605490 ,3092533883
3014605490 ,431983412
3014605490 ,821785831
3014605490 ,313269222
3014605490 ,987117390
3014605490 ,189639353
3014605490 ,242902253
3014605490 ,1257655808
3014605490 ,837151152445734913
3014605490 ,19089077
3014605490 ,714468573280751620
3014605490 ,292382289
3014605490 ,2230426843
3014605490 ,609264361
3014605490 ,148937934
3014605490 ,267449695
3014605490 ,311621453
3014605490 ,3950601554
3014605490 ,723416041406128130
3014605490 ,87403396
3014605490 ,131027653
3014605490 ,716299752418062336
3014605490 ,21577728
3014605490 ,437777907
3014605490 ,2987468815
3014605490 ,4765462797
3014605490 ,255672538
3014605490 ,956127380
3014605490 ,704340314446630912
3014605490 ,316392999
3014605490 ,3002595937
3014605490 ,4847105325
3014605490 ,2989752663
3014605490 ,2845372259
3014605490 ,239591418
3014605490 ,3280054515
3014605490 ,41919821
3014605490 ,4278446296
3014605490 ,301083222
3014605490 ,3219860503
3014605490 ,3152934532
3014605490 ,3687542772
3014605490 ,2468027756
3014605490 ,1638912996
3014605490 ,150374044
3014605490 ,2465493758
3014605490 ,109371389
3014605490 ,2984494085
3014605490 ,1377070768518004737
3014605490 ,32634883
3014605490 ,1270647061080428544
3014605490 ,443137684
3014605490 ,769225232657879044
3014605490 ,921748392891637760
3014605490 ,1022863335304388609
3014605490 ,1070411958246141952
3014605490 ,810934447684128768
3014605490 ,860584528972087296
3014605490 ,1605039584
3014605490 ,284241195
3014605490 ,924042057576001538
3014605490 ,20327473
3014605490 ,3063535938
3014605490 ,829439578830430208
3014605490 ,22640143
3014605490 ,4866260037
3014605490 ,3092533883
3014605490 ,431983412
3014605490 ,821785831
3014605490 ,313269222
3014605490 ,987117390
3014605490 ,189639353
3014605490 ,242902253
3014605490 ,1257655808
3014605490 ,837151152445734913
3014605490 ,19089077
3014605490 ,714468573280751620
3014605490 ,292382289
3014605490 ,2230426843
3014605490 ,609264361
3014605490 ,148937934
3014605490 ,267449695
3014605490 ,311621453
3014605490 ,3950601554
3014605490 ,723416041406128130
3014605490 ,87403396
3014605490 ,131027653
3014605490 ,716299752418062336
3014605490 ,21577728
3014605490 ,437777907
3014605490 ,2987468815
3014605490 ,4765462797
3014605490 ,255672538
3014605490 ,956127380
3014605490 ,704340314446630912
3014605490 ,316392999
3014605490 ,3002595937
3014605490 ,4847105325
3014605490 ,2989752663
3014605490 ,2845372259
3014605490 ,239591418
3014605490 ,3280054515
3014605490 ,41919821
3014605490 ,4278446296
3014605490 ,301083222
3014605490 ,3219860503
3014605490 ,3152934532
3014605490 ,3687542772
3014605490 ,2468027756
3014605490 ,1638912996
3014605490 ,150374044
3014605490 ,2465493758
3014605490 ,109371389
3014605490 ,2984494085
3014605490 ,1377070768518004737
3014605490 ,32634883
3014605490 ,1270647061080428544
3014605490 ,443137684
3014605490 ,769225232657879044
3014605490 ,921748392891637760
3014605490 ,1022863335304388609
3014605490 ,1070411958246141952
3014605490 ,810934447684128768
3014605490 ,860584528972087296
3014605490 ,1605039584
3014605490 ,284241195
3014605490 ,924042057576001538
3014605490 ,20327473
3014605490 ,3063535938
3014605490 ,829439578830430208
3014605490 ,22640143
3014605490 ,4866260037
3014605490 ,3092533883
3014605490 ,431983412
3014605490 ,821785831
3014605490 ,313269222
3014605490 ,987117390
3014605490 ,189639353
3014605490 ,242902253
3014605490 ,1257655808
3014605490 ,837151152445734913
3014605490 ,19089077
3014605490 ,714468573280751620
3014605490 ,292382289
3014605490 ,2230426843
3014605490 ,609264361
3014605490 ,148937934
3014605490 ,267449695
3014605490 ,311621453
3014605490 ,3950601554
3014605490 ,723416041406128130
3014605490 ,87403396
3014605490 ,131027653
3014605490 ,716299752418062336
3014605490 ,21577728
3014605490 ,437777907
3014605490 ,2987468815
3014605490 ,4765462797
3014605490 ,255672538
3014605490 ,956127380
3014605490 ,704340314446630912
3014605490 ,316392999
3014605490 ,3002595937
3014605490 ,4847105325
3014605490 ,2989752663
3014605490 ,2845372259
3014605490 ,239591418
3014605490 ,3280054515
3014605490 ,41919821
3014605490 ,4278446296
3014605490 ,301083222
3014605490 ,3219860503
3014605490 ,3152934532
3014605490 ,3687542772
3014605490 ,2468027756
3014605490 ,1638912996
3014605490 ,150374044
3014605490 ,2465493758
3014605490 ,109371389
3014605490 ,2984494085
3014605490 ,1377070768518004737
3014605490 ,32634883
3014605490 ,1270647061080428544
3014605490 ,443137684
3014605490 ,769225232657879044
3014605490 ,921748392891637760
3014605490 ,1022863335304388609
3014605490 ,1070411958246141952
3014605490 ,810934447684128768
3014605490 ,860584528972087296
3014605490 ,1605039584
3014605490 ,284241195
3014605490 ,924042057576001538
3014605490 ,20327473
3014605490 ,3063535938
3014605490 ,829439578830430208
3014605490 ,22640143
3014605490 ,4866260037
3014605490 ,3092533883
3014605490 ,431983412
3014605490 ,821785831
3014605490 ,313269222
3014605490 ,987117390
3014605490 ,189639353
3014605490 ,242902253
3014605490 ,1257655808
3014605490 ,837151152445734913
3014605490 ,19089077
3014605490 ,714468573280751620
3014605490 ,292382289
3014605490 ,2230426843
3014605490 ,609264361
3014605490 ,148937934
3014605490 ,267449695
3014605490 ,311621453
3014605490 ,3950601554
3014605490 ,723416041406128130
3014605490 ,87403396
3014605490 ,131027653
3014605490 ,716299752418062336
3014605490 ,21577728
3014605490 ,437777907
3014605490 ,2987468815
3014605490 ,4765462797
3014605490 ,255672538
3014605490 ,956127380
3014605490 ,704340314446630912
3014605490 ,316392999
3014605490 ,3002595937
3014605490 ,4847105325
3014605490 ,2989752663
3014605490 ,2845372259
3014605490 ,239591418
3014605490 ,3280054515
3014605490 ,41919821
3014605490 ,4278446296
3014605490 ,301083222
3014605490 ,3219860503
3014605490 ,3152934532
3014605490 ,3687542772
3014605490 ,2468027756
3014605490 ,1638912996
3014605490 ,150374044
3014605490 ,2465493758
3014605490 ,109371389
3014605490 ,2984494085
3014605490 ,1377070768518004737
3014605490 ,32634883
3014605490 ,1270647061080428544
3014605490 ,443137684
3014605490 ,769225232657879044
3014605490 ,921748392891637760
3014605490 ,1022863335304388609
3014605490 ,1070411958246141952
3014605490 ,810934447684128768
3014605490 ,860584528972087296
3014605490 ,1605039584
3014605490 ,284241195
3014605490 ,924042057576001538
3014605490 ,20327473
3014605490 ,3063535938
3014605490 ,829439578830430208
3014605490 ,22640143
3014605490 ,4866260037
3014605490 ,3092533883
3014605490 ,431983412
3014605490 ,821785831
3014605490 ,313269222
3014605490 ,987117390
3014605490 ,189639353
3014605490 ,242902253
3014605490 ,1257655808
3014605490 ,837151152445734913
3014605490 ,19089077
3014605490 ,714468573280751620
3014605490 ,292382289
3014605490 ,2230426843
3014605490 ,609264361
3014605490 ,148937934
3014605490 ,267449695
3014605490 ,311621453
3014605490 ,3950601554
3014605490 ,723416041406128130
3014605490 ,87403396
3014605490 ,131027653
3014605490 ,716299752418062336
3014605490 ,21577728
3014605490 ,437777907
3014605490 ,2987468815
3014605490 ,4765462797
3014605490 ,255672538
3014605490 ,956127380
3014605490 ,704340314446630912
3014605490 ,316392999
3014605490 ,3002595937
3014605490 ,4847105325
3014605490 ,2989752663
3014605490 ,2845372259
3014605490 ,239591418
3014605490 ,3280054515
3014605490 ,41919821
3014605490 ,4278446296
3014605490 ,301083222
3014605490 ,3219860503
3014605490 ,3152934532
3014605490 ,3687542772
3014605490 ,2468027756
3014605490 ,1638912996
3014605490 ,150374044
3014605490 ,2465493758
3014605490 ,109371389
3014605490 ,2984494085
3014605490 ,1377070768518004737
3014605490 ,32634883
3014605490 ,1270647061080428544
3014605490 ,443137684
3014605490 ,769225232657879044
3014605490 ,921748392891637760
3014605490 ,1022863335304388609
3014605490 ,1070411958246141952
3014605490 ,810934447684128768
3014605490 ,860584528972087296
3014605490 ,1605039584
3014605490 ,284241195
3014605490 ,924042057576001538
3014605490 ,20327473
3014605490 ,3063535938
3014605490 ,829439578830430208
3014605490 ,22640143
3014605490 ,4866260037
3014605490 ,3092533883
3014605490 ,431983412
3014605490 ,821785831
3014605490 ,313269222
3014605490 ,987117390
3014605490 ,189639353
3014605490 ,242902253
3014605490 ,1257655808
3014605490 ,837151152445734913
3014605490 ,19089077
3014605490 ,714468573280751620
3014605490 ,292382289
3014605490 ,2230426843
3014605490 ,609264361
3014605490 ,148937934
3014605490 ,267449695
3014605490 ,311621453
3014605490 ,3950601554
3014605490 ,723416041406128130
3014605490 ,87403396
3014605490 ,131027653
3014605490 ,716299752418062336
3014605490 ,21577728
3014605490 ,437777907
3014605490 ,2987468815
3014605490 ,4765462797
3014605490 ,255672538
3014605490 ,956127380
3014605490 ,704340314446630912
3014605490 ,316392999
3014605490 ,3002595937
3014605490 ,4847105325
3014605490 ,2989752663
3014605490 ,2845372259
3014605490 ,239591418
3014605490 ,3280054515
3014605490 ,41919821
3014605490 ,4278446296
3014605490 ,301083222
3014605490 ,3219860503
3014605490 ,3152934532
3014605490 ,3687542772
3014605490 ,2468027756
3014605490 ,1638912996
3014605490 ,150374044
3014605490 ,2465493758
3014605490 ,109371389
3014605490 ,2984494085
3014605490 ,1377070768518004737
3014605490 ,32634883
3014605490 ,1270647061080428544
3014605490 ,443137684
3014605490 ,769225232657879044
3014605490 ,921748392891637760
3014605490 ,1022863335304388609
3014605490 ,1070411958246141952
3014605490 ,810934447684128768
3014605490 ,860584528972087296
3014605490 ,1605039584
3014605490 ,284241195
3014605490 ,924042057576001538
3014605490 ,20327473
3014605490 ,3063535938
3014605490 ,829439578830430208
3014605490 ,22640143
3014605490 ,4866260037
3014605490 ,3092533883
3014605490 ,431983412
3014605490 ,821785831
3014605490 ,313269222
3014605490 ,987117390
3014605490 ,189639353
3014605490 ,242902253
3014605490 ,1257655808
3014605490 ,837151152445734913
3014605490 ,19089077
3014605490 ,714468573280751620
3014605490 ,292382289
3014605490 ,2230426843
3014605490 ,609264361
3014605490 ,148937934
3014605490 ,267449695
3014605490 ,311621453
3014605490 ,3950601554
3014605490 ,723416041406128130
3014605490 ,87403396
3014605490 ,131027653
3014605490 ,716299752418062336
3014605490 ,21577728
3014605490 ,437777907
3014605490 ,2987468815
3014605490 ,4765462797
3014605490 ,255672538
3014605490 ,956127380
3014605490 ,704340314446630912
3014605490 ,316392999
3014605490 ,3002595937
3014605490 ,4847105325
3014605490 ,2989752663
3014605490 ,2845372259
3014605490 ,239591418
3014605490 ,3280054515
3014605490 ,41919821
3014605490 ,4278446296
3014605490 ,301083222
3014605490 ,3219860503
3014605490 ,3152934532
3014605490 ,3687542772
3014605490 ,2468027756
3014605490 ,1638912996
3014605490 ,150374044
3014605490 ,2465493758
3014605490 ,109371389
3014605490 ,2984494085
3014605490 ,1377070768518004737
3014605490 ,32634883
3014605490 ,1270647061080428544
3014605490 ,443137684
3014605490 ,769225232657879044
3014605490 ,921748392891637760
3014605490 ,1022863335304388609
3014605490 ,1070411958246141952
3014605490 ,810934447684128768
3014605490 ,860584528972087296
3014605490 ,1605039584
3014605490 ,284241195
3014605490 ,924042057576001538
3014605490 ,20327473
3014605490 ,3063535938
3014605490 ,829439578830430208
3014605490 ,22640143
3014605490 ,4866260037
3014605490 ,3092533883
3014605490 ,431983412
3014605490 ,821785831
3014605490 ,313269222
3014605490 ,987117390
3014605490 ,189639353
3014605490 ,242902253
3014605490 ,1257655808
3014605490 ,837151152445734913
3014605490 ,19089077
3014605490 ,714468573280751620
3014605490 ,292382289
3014605490 ,2230426843
3014605490 ,609264361
3014605490 ,148937934
3014605490 ,267449695
3014605490 ,311621453
3014605490 ,3950601554
3014605490 ,723416041406128130
3014605490 ,87403396
3014605490 ,131027653
3014605490 ,716299752418062336
3014605490 ,21577728
3014605490 ,437777907
3014605490 ,2987468815
3014605490 ,4765462797
3014605490 ,255672538
3014605490 ,956127380
3014605490 ,704340314446630912
3014605490 ,316392999
3014605490 ,3002595937
3014605490 ,4847105325
3014605490 ,2989752663
3014605490 ,2845372259
3014605490 ,239591418
3014605490 ,3280054515
3014605490 ,41919821
3014605490 ,4278446296
3014605490 ,301083222
3014605490 ,3219860503
3014605490 ,3152934532
3014605490 ,3687542772
3014605490 ,2468027756
3014605490 ,1638912996
3014605490 ,150374044
3014605490 ,2465493758
3014605490 ,109371389
3014605490 ,2984494085
3014605490 ,1377070768518004737
3014605490 ,32634883
3014605490 ,1270647061080428544
3014605490 ,443137684
3014605490 ,769225232657879044
3014605490 ,921748392891637760
3014605490 ,1022863335304388609
3014605490 ,1070411958246141952
3014605490 ,810934447684128768
3014605490 ,860584528972087296
3014605490 ,1605039584
3014605490 ,284241195
3014605490 ,924042057576001538
3014605490 ,20327473
3014605490 ,3063535938
3014605490 ,829439578830430208
3014605490 ,22640143
3014605490 ,4866260037
3014605490 ,3092533883
3014605490 ,431983412
3014605490 ,821785831
3014605490 ,313269222
3014605490 ,987117390
3014605490 ,189639353
3014605490 ,242902253
3014605490 ,1257655808
3014605490 ,837151152445734913
3014605490 ,19089077
3014605490 ,714468573280751620
3014605490 ,292382289
3014605490 ,2230426843
3014605490 ,609264361
3014605490 ,148937934
3014605490 ,267449695
3014605490 ,311621453
3014605490 ,3950601554
3014605490 ,723416041406128130
3014605490 ,87403396
3014605490 ,131027653
3014605490 ,716299752418062336
3014605490 ,21577728
3014605490 ,437777907
3014605490 ,2987468815
3014605490 ,4765462797
3014605490 ,255672538
3014605490 ,956127380
3014605490 ,704340314446630912
3014605490 ,316392999
3014605490 ,3002595937
3014605490 ,4847105325
3014605490 ,2989752663
3014605490 ,2845372259
3014605490 ,239591418
3014605490 ,3280054515
3014605490 ,41919821
3014605490 ,4278446296
3014605490 ,301083222
3014605490 ,3219860503
3014605490 ,3152934532
3014605490 ,3687542772
3014605490 ,2468027756
3014605490 ,1638912996
3014605490 ,150374044
3014605490 ,2465493758
3014605490 ,109371389
3014605490 ,2984494085
3014605490 ,1377070768518004737
3014605490 ,32634883
3014605490 ,1270647061080428544
3014605490 ,443137684
3014605490 ,769225232657879044
3014605490 ,921748392891637760
3014605490 ,1022863335304388609
3014605490 ,1070411958246141952
3014605490 ,810934447684128768
3014605490 ,860584528972087296
3014605490 ,1605039584
3014605490 ,284241195
3014605490 ,924042057576001538
3014605490 ,20327473
3014605490 ,3063535938
3014605490 ,829439578830430208
3014605490 ,22640143
3014605490 ,4866260037
3014605490 ,3092533883
3014605490 ,431983412
3014605490 ,821785831
3014605490 ,313269222
3014605490 ,987117390
3014605490 ,189639353
3014605490 ,242902253
3014605490 ,1257655808
3014605490 ,837151152445734913
3014605490 ,19089077
3014605490 ,714468573280751620
3014605490 ,292382289
3014605490 ,2230426843
3014605490 ,609264361
3014605490 ,148937934
3014605490 ,267449695
3014605490 ,311621453
3014605490 ,3950601554
3014605490 ,723416041406128130
3014605490 ,87403396
3014605490 ,131027653
3014605490 ,716299752418062336
3014605490 ,21577728
3014605490 ,437777907
3014605490 ,2987468815
3014605490 ,4765462797
3014605490 ,255672538
3014605490 ,956127380
3014605490 ,704340314446630912
3014605490 ,316392999
3014605490 ,3002595937
3014605490 ,4847105325
3014605490 ,2989752663
3014605490 ,2845372259
3014605490 ,239591418
3014605490 ,3280054515
3014605490 ,41919821
3014605490 ,4278446296
3014605490 ,301083222
3014605490 ,3219860503
3014605490 ,3152934532
3014605490 ,3687542772
3014605490 ,2468027756
3014605490 ,1638912996
3014605490 ,150374044
3014605490 ,2465493758
3014605490 ,109371389
3014605490 ,2984494085
3014605490 ,1377070768518004737
3014605490 ,32634883
3014605490 ,1270647061080428544
3014605490 ,443137684
3014605490 ,769225232657879044
3014605490 ,921748392891637760
3014605490 ,1022863335304388609
3014605490 ,1070411958246141952
3014605490 ,810934447684128768
3014605490 ,860584528972087296
3014605490 ,1605039584
3014605490 ,284241195
3014605490 ,924042057576001538
3014605490 ,20327473
3014605490 ,3063535938
3014605490 ,829439578830430208
3014605490 ,22640143
3014605490 ,4866260037
3014605490 ,3092533883
3014605490 ,431983412
3014605490 ,821785831
3014605490 ,313269222
3014605490 ,987117390
3014605490 ,189639353
3014605490 ,242902253
3014605490 ,1257655808
3014605490 ,837151152445734913
3014605490 ,19089077
3014605490 ,714468573280751620
3014605490 ,292382289
3014605490 ,2230426843
3014605490 ,609264361
3014605490 ,148937934
3014605490 ,267449695
3014605490 ,311621453
3014605490 ,3950601554
3014605490 ,723416041406128130
3014605490 ,87403396
3014605490 ,131027653
3014605490 ,716299752418062336
3014605490 ,21577728
3014605490 ,437777907
3014605490 ,2987468815
3014605490 ,4765462797
3014605490 ,255672538
3014605490 ,956127380
3014605490 ,704340314446630912
3014605490 ,316392999
3014605490 ,3002595937
3014605490 ,4847105325
3014605490 ,2989752663
3014605490 ,2845372259
3014605490 ,239591418
3014605490 ,3280054515
3014605490 ,41919821
3014605490 ,4278446296
3014605490 ,301083222
3014605490 ,3219860503
3014605490 ,3152934532
3014605490 ,3687542772
3014605490 ,2468027756
3014605490 ,1638912996
3014605490 ,150374044
3014605490 ,2465493758
3014605490 ,109371389
3014605490 ,2984494085
3014605490 ,1377070768518004737
3014605490 ,32634883
3014605490 ,1270647061080428544
3014605490 ,443137684
3014605490 ,769225232657879044
3014605490 ,921748392891637760
3014605490 ,1022863335304388609
3014605490 ,1070411958246141952
3014605490 ,810934447684128768
3014605490 ,860584528972087296
3014605490 ,1605039584
3014605490 ,284241195
3014605490 ,924042057576001538
3014605490 ,20327473
3014605490 ,3063535938
3014605490 ,829439578830430208
3014605490 ,22640143
3014605490 ,4866260037
3014605490 ,3092533883
3014605490 ,431983412
3014605490 ,821785831
3014605490 ,313269222
3014605490 ,987117390
3014605490 ,189639353
3014605490 ,242902253
3014605490 ,1257655808
3014605490 ,837151152445734913
3014605490 ,19089077
3014605490 ,714468573280751620
3014605490 ,292382289
3014605490 ,2230426843
3014605490 ,609264361
3014605490 ,148937934
3014605490 ,267449695
3014605490 ,311621453
3014605490 ,3950601554
3014605490 ,723416041406128130
3014605490 ,87403396
3014605490 ,131027653
3014605490 ,716299752418062336
3014605490 ,21577728
3014605490 ,437777907
3014605490 ,2987468815
3014605490 ,4765462797
3014605490 ,255672538
3014605490 ,956127380
3014605490 ,704340314446630912
3014605490 ,316392999
3014605490 ,3002595937
3014605490 ,4847105325
3014605490 ,2989752663
3014605490 ,2845372259
3014605490 ,239591418
3014605490 ,3280054515
3014605490 ,41919821
3014605490 ,4278446296
3014605490 ,301083222
3014605490 ,3219860503
3014605490 ,3152934532
3014605490 ,3687542772
3014605490 ,2468027756
3014605490 ,1638912996
3014605490 ,150374044
3014605490 ,2465493758
3014605490 ,109371389
3014605490 ,2984494085
3014605490 ,1377070768518004737
3014605490 ,32634883
3014605490 ,1270647061080428544
3014605490 ,443137684
3014605490 ,769225232657879044
3014605490 ,921748392891637760
3014605490 ,1022863335304388609
3014605490 ,1070411958246141952
3014605490 ,810934447684128768
3014605490 ,860584528972087296
3014605490 ,1605039584
3014605490 ,284241195
3014605490 ,924042057576001538
3014605490 ,20327473
3014605490 ,3063535938
3014605490 ,829439578830430208
3014605490 ,22640143
3014605490 ,4866260037
3014605490 ,3092533883
3014605490 ,431983412
3014605490 ,821785831
3014605490 ,313269222
3014605490 ,987117390
3014605490 ,189639353
3014605490 ,242902253
3014605490 ,1257655808
3014605490 ,837151152445734913
3014605490 ,19089077
3014605490 ,714468573280751620
3014605490 ,292382289
3014605490 ,2230426843
3014605490 ,609264361
3014605490 ,148937934
3014605490 ,267449695
3014605490 ,311621453
3014605490 ,3950601554
3014605490 ,723416041406128130
3014605490 ,87403396
3014605490 ,131027653
3014605490 ,716299752418062336
3014605490 ,21577728
3014605490 ,437777907
3014605490 ,2987468815
3014605490 ,4765462797
3014605490 ,255672538
3014605490 ,956127380
3014605490 ,704340314446630912
3014605490 ,316392999
3014605490 ,3002595937
3014605490 ,4847105325
3014605490 ,2989752663
3014605490 ,2845372259
3014605490 ,239591418
3014605490 ,3280054515
3014605490 ,41919821
3014605490 ,4278446296
3014605490 ,301083222
3014605490 ,3219860503
3014605490 ,3152934532
3014605490 ,3687542772
3014605490 ,2468027756
3014605490 ,1638912996
3014605490 ,150374044
3014605490 ,2465493758
3014605490 ,109371389
3014605490 ,2984494085
3014605490 ,1377070768518004737
3014605490 ,32634883
3014605490 ,1270647061080428544
3014605490 ,443137684
3014605490 ,769225232657879044
3014605490 ,921748392891637760
3014605490 ,1022863335304388609
3014605490 ,1070411958246141952
3014605490 ,810934447684128768
3014605490 ,860584528972087296
3014605490 ,1605039584
3014605490 ,284241195
3014605490 ,924042057576001538
3014605490 ,20327473
3014605490 ,3063535938
3014605490 ,829439578830430208
3014605490 ,22640143
3014605490 ,4866260037
3014605490 ,3092533883
3014605490 ,431983412
3014605490 ,821785831
3014605490 ,313269222
3014605490 ,987117390
3014605490 ,189639353
3014605490 ,242902253
3014605490 ,1257655808
3014605490 ,837151152445734913
3014605490 ,19089077
3014605490 ,714468573280751620
3014605490 ,292382289
3014605490 ,2230426843
3014605490 ,609264361
3014605490 ,148937934
3014605490 ,267449695
3014605490 ,311621453
3014605490 ,3950601554
3014605490 ,723416041406128130
3014605490 ,87403396
3014605490 ,131027653
3014605490 ,716299752418062336
3014605490 ,21577728
3014605490 ,437777907
3014605490 ,2987468815
3014605490 ,4765462797
3014605490 ,255672538
3014605490 ,956127380
3014605490 ,704340314446630912
3014605490 ,316392999
3014605490 ,3002595937
3014605490 ,4847105325
3014605490 ,2989752663
3014605490 ,2845372259
3014605490 ,239591418
3014605490 ,3280054515
3014605490 ,41919821
3014605490 ,4278446296
3014605490 ,301083222
3014605490 ,3219860503
3014605490 ,3152934532
3014605490 ,3687542772
3014605490 ,2468027756
3014605490 ,1638912996
3014605490 ,150374044
3014605490 ,2465493758
3014605490 ,109371389
3014605490 ,2984494085
